Student ID,Field of Study,Preferred Learning Environment,Preferred Feedback Method,Preferred Learning Style,Group or Individual,Note-taking Method,Preferred Learning Resources,Instructor's Teaching Style Importance,Supplementary Material Reliance,Comfort with Online Platforms
S001,Computer Science,Classroom,Written comments,Visual,Group activities,Handwritten,Textbooks,5,4,3
S002,Biology,Online,Verbal feedback,Auditory,Individual assignments,Typed,Videos,3,5,4
S003,Mathematics,Hybrid,Both,Kinesthetic,No preference,Audio recordings,Interactive exercises,4,2,5
S004,History,Classroom,Written comments,Reading/Writing,Group activities,Handwritten,Lectures,2,3,1
S005,Psychology,Online,Verbal feedback,Visual,Individual assignments,Typed,Videos,1,5,5
S006,Physics,Classroom,Written comments,Visual,Group activities,Handwritten,Textbooks,4,3,2
S007,Chemistry,Online,Verbal feedback,Auditory,Individual assignments,Typed,Videos,3,4,5
S008,Literature,Hybrid,Both,Kinesthetic,No preference,Audio recordings,Interactive exercises,2,1,4
S009,Engineering,Classroom,Written comments,Reading/Writing,Group activities,Handwritten,Lectures,5,2,3
S010,Art,Online,Verbal feedback,Visual,Individual assignments,Typed,Videos,1,4,5
S011,Music,Classroom,Written comments,Visual,Group activities,Handwritten,Textbooks,4,3,2
S012,Philosophy,Online,Verbal feedback,Auditory,Individual assignments,Typed,Videos,3,4,5
S013,Economics,Hybrid,Both,Kinesthetic,No preference,Audio recordings,Interactive exercises,2,1,4
S014,Political Science,Classroom,Written comments,Reading/Writing,Group activities,Handwritten,Lectures,5,2,3
S015,Sociology,Online,Verbal feedback,Visual,Individual assignments,Typed,Videos,1,4,5
S016,Computer Science,Classroom,Written comments,Visual,Group activities,Handwritten,Textbooks,5,4,3
S017,Biology,Online,Verbal feedback,Auditory,Individual assignments,Typed,Videos,3,5,4
S018,Mathematics,Hybrid,Both,Kinesthetic,No preference,Audio recordings,Interactive exercises,4,2,5
S019,History,Classroom,Written comments,Reading/Writing,Group activities,Handwritten,Lectures,2,3,1
S020,Psychology,Online,Verbal feedback,Visual,Individual assignments,Typed,Videos,1,5,5
S021,Physics,Classroom,Written comments,Visual,Group activities,Handwritten,Textbooks,4,3,2
S022,Chemistry,Online,Verbal feedback,Auditory,Individual assignments,Typed,Videos,3,4,5
S023,Literature,Hybrid,Both,Kinesthetic,No preference,Audio recordings,Interactive exercises,2,1,4
S024,Engineering,Classroom,Written comments,Reading/Writing,Group activities,Handwritten,Lectures,5,2,3
S025,Art,Online,Verbal feedback,Visual,Individual assignments,Typed,Videos,1,4,5
S026,Music,Classroom,Written comments,Visual,Group activities,Handwritten,Textbooks,4,3,2
S027,Philosophy,Online,Verbal feedback,Auditory,Individual assignments,Typed,Videos,3,4,5
S028,Economics,Hybrid,Both,Kinesthetic,No preference,Audio recordings,Interactive exercises,2,1,4
S029,Political Science,Classroom,Written comments,Reading/Writing,Group activities,Handwritten,Lectures,5,2,3
S030,Sociology,Online,Verbal feedback,Visual,Individual assignments,Typed,Videos,1,4,5
S031,Engineering,Classroom,Written comments,Reading/Writing,Group activities,Handwritten,Lectures,5,2,3
S032,Art,Online,Verbal feedback,Visual,Individual assignments,Typed,Videos,1,4,5
S033,Music,Classroom,Written comments,Visual,Group activities,Handwritten,Textbooks,4,3,2
S034,Philosophy,Online,Verbal feedback,Auditory,Individual assignments,Typed,Videos,3,4,5
S035,Economics,Hybrid,Both,Kinesthetic,No preference,Audio recordings,Interactive exercises,2,1,4
S036,Political Science,Classroom,Written comments,Reading/Writing,Group activities,Handwritten,Lectures,5,2,3
S037,Sociology,Online,Verbal feedback,Visual,Individual assignments,Typed,Videos,1,4,5
S038,Computer Science,Classroom,Written comments,Visual,Group activities,Handwritten,Textbooks,5,4,3
S039,Biology,Online,Verbal feedback,Auditory,Individual assignments,Typed,Videos,3,5,4
S040,Mathematics,Hybrid,Both,Kinesthetic,No preference,Audio recordings,Interactive exercises,4,2,5
S041,History,Classroom,Written comments,Reading/Writing,Group activities,Handwritten,Lectures,2,3,1
S042,Psychology,Online,Verbal feedback,Visual,Individual assignments,Typed,Videos,1,5,5
S043,Physics,Classroom,Written comments,Visual,Group activities,Handwritten,Textbooks,4,3,2
S044,Chemistry,Online,Verbal feedback,Auditory,Individual assignments,Typed,Videos,3,4,5
S045,Literature,Hybrid,Both,Kinesthetic,No preference,Audio recordings,Interactive exercises,2,1,4
S046,Engineering,Classroom,Written comments,Reading/Writing,Group activities,Handwritten,Lectures,5,2,3
S047,Art,Online,Verbal feedback,Visual,Individual assignments,Typed,Videos,1,4,5
S048,Philosophy,Online,Verbal feedback,Auditory,Individual assignments,Typed,Videos,3,4,5
S049,Economics,Hybrid,Both,Kinesthetic,No preference,Audio recordings,Interactive exercises,2,1,4
S050,Political Science,Classroom,Written comments,Reading/Writing,Group activities,Handwritten,Lectures,5,2,3
S051,Sociology,Online,Verbal feedback,Visual,Individual assignments,Typed,Videos,1,4,5
S052,Engineering,Classroom,Written comments,Reading/Writing,Group activities,Handwritten,Lectures,5,2,3
S053,Art,Online,Verbal feedback,Visual,Individual assignments,Typed,Videos,1,4,5
S054,Music,Classroom,Written comments,Visual,Group activities,Handwritten,Textbooks,4,3,2
S055,Philosophy,Online,Verbal feedback,Auditory,Individual assignments,Typed,Videos,3,4,5
S056,Economics,Hybrid,Both,Kinesthetic,No preference,Audio recordings,Interactive exercises,2,1,4
S057,Political Science,Classroom,Written comments,Reading/Writing,Group activities,Handwritten,Lectures,5,2,3
S058,Sociology,Online,Verbal feedback,Visual,Individual assignments,Typed,Videos,1,4,5
S059,Computer Science,Classroom,Written comments,Visual,Group activities,Handwritten,Textbooks,5,4,3
S060,Biology,Online,Verbal feedback,Auditory,Individual assignments,Typed,Videos,3,5,4
S061,Mathematics,Hybrid,Both,Kinesthetic,No preference,Audio recordings,Interactive exercises,4,2,5
S062,History,Classroom,Written comments,Reading/Writing,Group activities,Handwritten,Lectures,2,3,1
S063,Psychology,Online,Verbal feedback,Visual,Individual assignments,Typed,Videos,1,5,5
S064,Philosophy,Online,Verbal feedback,Auditory,Individual assignments,Typed,Videos,3,4,5
S065,Economics,Hybrid,Both,Kinesthetic,No preference,Audio recordings,Interactive exercises,2,1,4
S066,Political Science,Classroom,Written comments,Reading/Writing,Group activities,Handwritten,Lectures,5,2,3
S067,Sociology,Online,Verbal feedback,Visual,Individual assignments,Typed,Videos,1,4,5
S068,Engineering,Classroom,Written comments,Reading/Writing,Group activities,Handwritten,Lectures,5,2,3
S069,Art,Online,Verbal feedback,Visual,Individual assignments,Typed,Videos,1,4,5
S070,Music,Classroom,Written comments,Visual,Group activities,Handwritten,Textbooks,4,3,2
S071,Philosophy,Online,Verbal feedback,Auditory,Individual assignments,Typed,Videos,3,4,5
S072,Economics,Hybrid,Both,Kinesthetic,No preference,Audio recordings,Interactive exercises,2,1,4
S073,Political Science,Classroom,Written comments,Reading/Writing,Group activities,Handwritten,Lectures,5,2,3
S074,Sociology,Online,Verbal feedback,Visual,Individual assignments,Typed,Videos,1,4,5
S075,Computer Science,Classroom,Written comments,Visual,Group activities,Handwritten,Textbooks,5,4,3
S076,Political Science,Classroom,Written comments,Reading/Writing,Group activities,Handwritten,Lectures,5,2,3
S077,Sociology,Online,Verbal feedback,Visual,Individual assignments,Typed,Videos,1,4,5
S078,Engineering,Classroom,Written comments,Reading/Writing,Group activities,Handwritten,Lectures,5,2,3
S079,Art,Online,Verbal feedback,Visual,Individual assignments,Typed,Videos,1,4,5
S080,Music,Classroom,Written comments,Visual,Group activities,Handwritten,Textbooks,4,3,2
S081,Philosophy,Online,Verbal feedback,Auditory,Individual assignments,Typed,Videos,3,4,5
S082,Economics,Hybrid,Both,Kinesthetic,No preference,Audio recordings,Interactive exercises,2,1,4
S083,Political Science,Classroom,Written comments,Reading/Writing,Group activities,Handwritten,Lectures,5,2,3
S084,Art,Online,Verbal feedback,Visual,Individual assignments,Typed,Videos,1,4,5
S085,Music,Classroom,Written comments,Visual,Group activities,Handwritten,Textbooks,4,3,2
S086,Philosophy,Online,Verbal feedback,Auditory,Individual assignments,Typed,Videos,3,4,5
S087,Economics,Hybrid,Both,Kinesthetic,No preference,Audio recordings,Interactive exercises,2,1,4
S088,Political Science,Classroom,Written comments,Reading/Writing,Group activities,Handwritten,Lectures,5,2,3
S089,Philosophy,Online,Verbal feedback,Auditory,Individual assignments,Typed,Videos,3,4,5
S090,Engineering,Classroom,Written comments,Reading/Writing,Group activities,Handwritten,Lectures,5,2,3